n_features,mean_roc_auc,sd_roc_auc,mean_average_precision,sd_average_precision
50,0.9990261841718153,0.0017784910219475931,0.9998897641827817,0.00020219583756313415
